Workbook

Sheet Dashboard
A1: BRETT'S BETTING TRACKER
A2: Bankroll | B2: 3941 | C2: as of 2026-05-14 | D2: STALE — update before sizing
A3: TIER CONTROLS
A4: Lean | B4: 295
A5: Standard | B5: 510
A6: Max | B6: 900
A7: Parlay | B7: 50 | C7: range $25-$50, 2-leg cross-game only
A9: PERFORMANCE
A10: Settled bets | B10: =COUNTIF(Bets!$J$2:$J$201,"W")+COUNTIF(Bets!$J$2:$J$201,"L")+COUNTIF(Bets!$J$2:$J$201,"P")
A11: Pending | B11: =COUNTIF(Bets!$J$2:$J$201,"Pending")
A12: Record (W-L-P) | B12: =COUNTIF(Bets!$J$2:$J$201,"W")&"-"&COUNTIF(Bets!$J$2:$J$201,"L")&"-"&COUNTIF(Bets!$J$2:$J$201,"P")
A13: Win % | B13: =IFERROR(COUNTIF(Bets!$J$2:$J$201,"W")/(COUNTIF(Bets!$J$2:$J$201,"W")+COUNTIF(Bets!$J$2:$J$201,"L")),"")
A14: Total staked | B14: =SUMIF(Bets!$J$2:$J$201,"W",Bets!$F$2:$F$201)+SUMIF(Bets!$J$2:$J$201,"L",Bets!$F$2:$F$201)
A15: Net P&L | B15: =SUM(Bets!$K$2:$K$201)
A16: ROI | B16: =IFERROR(SUM(Bets!$K$2:$K$201)/(SUMIF(Bets!$J$2:$J$201,"W",Bets!$F$2:$F$201)+SUMIF(Bets!$J$2:$J$201,"L",Bets!$F$2:$F$201)),"")
A17: Avg CLV | B17: =IFERROR(AVERAGE(Bets!$L$2:$L$201),"")
A19: BY SPORT
A20: Sport | B20: Bets | C20: Win % | D20: P&L
A21: NBA | B21: =COUNTIFS(Bets!$B$2:$B$201,"NBA",Bets!$J$2:$J$201,"W")+COUNTIFS(Bets!$B$2:$B$201,"NBA",Bets!$J$2:$J$201,"L")+COUNTIFS(Bets!$B$2:$B$201,"NBA",Bets!$J$2:$J$201,"P") | C21: =IFERROR(COUNTIFS(Bets!$B$2:$B$201,"NBA",Bets!$J$2:$J$201,"W")/(COUNTIFS(Bets!$B$2:$B$201,"NBA",Bets!$J$2:$J$201,"W")+COUNTIFS(Bets!$B$2:$B$201,"NBA",Bets!$J$2:$J$201,"L")),"") | D21: =SUMIFS(Bets!$K$2:$K$201,Bets!$B$2:$B$201,"NBA")
A22: NCAAB | B22: =COUNTIFS(Bets!$B$2:$B$201,"NCAAB",Bets!$J$2:$J$201,"W")+COUNTIFS(Bets!$B$2:$B$201,"NCAAB",Bets!$J$2:$J$201,"L")+COUNTIFS(Bets!$B$2:$B$201,"NCAAB",Bets!$J$2:$J$201,"P") | C22: =IFERROR(COUNTIFS(Bets!$B$2:$B$201,"NCAAB",Bets!$J$2:$J$201,"W")/(COUNTIFS(Bets!$B$2:$B$201,"NCAAB",Bets!$J$2:$J$201,"W")+COUNTIFS(Bets!$B$2:$B$201,"NCAAB",Bets!$J$2:$J$201,"L")),"") | D22: =SUMIFS(Bets!$K$2:$K$201,Bets!$B$2:$B$201,"NCAAB")
A23: NFL | B23: =COUNTIFS(Bets!$B$2:$B$201,"NFL",Bets!$J$2:$J$201,"W")+COUNTIFS(Bets!$B$2:$B$201,"NFL",Bets!$J$2:$J$201,"L")+COUNTIFS(Bets!$B$2:$B$201,"NFL",Bets!$J$2:$J$201,"P") | C23: =IFERROR(COUNTIFS(Bets!$B$2:$B$201,"NFL",Bets!$J$2:$J$201,"W")/(COUNTIFS(Bets!$B$2:$B$201,"NFL",Bets!$J$2:$J$201,"W")+COUNTIFS(Bets!$B$2:$B$201,"NFL",Bets!$J$2:$J$201,"L")),"") | D23: =SUMIFS(Bets!$K$2:$K$201,Bets!$B$2:$B$201,"NFL")
A24: Soccer | B24: =COUNTIFS(Bets!$B$2:$B$201,"Soccer",Bets!$J$2:$J$201,"W")+COUNTIFS(Bets!$B$2:$B$201,"Soccer",Bets!$J$2:$J$201,"L")+COUNTIFS(Bets!$B$2:$B$201,"Soccer",Bets!$J$2:$J$201,"P") | C24: =IFERROR(COUNTIFS(Bets!$B$2:$B$201,"Soccer",Bets!$J$2:$J$201,"W")/(COUNTIFS(Bets!$B$2:$B$201,"Soccer",Bets!$J$2:$J$201,"W")+COUNTIFS(Bets!$B$2:$B$201,"Soccer",Bets!$J$2:$J$201,"L")),"") | D24: =SUMIFS(Bets!$K$2:$K$201,Bets!$B$2:$B$201,"Soccer")
A25: MLB | B25: =COUNTIFS(Bets!$B$2:$B$201,"MLB",Bets!$J$2:$J$201,"W")+COUNTIFS(Bets!$B$2:$B$201,"MLB",Bets!$J$2:$J$201,"L")+COUNTIFS(Bets!$B$2:$B$201,"MLB",Bets!$J$2:$J$201,"P") | C25: =IFERROR(COUNTIFS(Bets!$B$2:$B$201,"MLB",Bets!$J$2:$J$201,"W")/(COUNTIFS(Bets!$B$2:$B$201,"MLB",Bets!$J$2:$J$201,"W")+COUNTIFS(Bets!$B$2:$B$201,"MLB",Bets!$J$2:$J$201,"L")),"") | D25: =SUMIFS(Bets!$K$2:$K$201,Bets!$B$2:$B$201,"MLB")
A26: NHL | B26: =COUNTIFS(Bets!$B$2:$B$201,"NHL",Bets!$J$2:$J$201,"W")+COUNTIFS(Bets!$B$2:$B$201,"NHL",Bets!$J$2:$J$201,"L")+COUNTIFS(Bets!$B$2:$B$201,"NHL",Bets!$J$2:$J$201,"P") | C26: =IFERROR(COUNTIFS(Bets!$B$2:$B$201,"NHL",Bets!$J$2:$J$201,"W")/(COUNTIFS(Bets!$B$2:$B$201,"NHL",Bets!$J$2:$J$201,"W")+COUNTIFS(Bets!$B$2:$B$201,"NHL",Bets!$J$2:$J$201,"L")),"") | D26: =SUMIFS(Bets!$K$2:$K$201,Bets!$B$2:$B$201,"NHL")
A27: PGA | B27: =COUNTIFS(Bets!$B$2:$B$201,"PGA",Bets!$J$2:$J$201,"W")+COUNTIFS(Bets!$B$2:$B$201,"PGA",Bets!$J$2:$J$201,"L")+COUNTIFS(Bets!$B$2:$B$201,"PGA",Bets!$J$2:$J$201,"P") | C27: =IFERROR(COUNTIFS(Bets!$B$2:$B$201,"PGA",Bets!$J$2:$J$201,"W")/(COUNTIFS(Bets!$B$2:$B$201,"PGA",Bets!$J$2:$J$201,"W")+COUNTIFS(Bets!$B$2:$B$201,"PGA",Bets!$J$2:$J$201,"L")),"") | D27: =SUMIFS(Bets!$K$2:$K$201,Bets!$B$2:$B$201,"PGA")
A30: BY TIER
A31: Tier | B31: Bets | C31: Win % | D31: P&L
A32: Lean | B32: =COUNTIFS(Bets!$E$2:$E$201,"Lean",Bets!$J$2:$J$201,"W")+COUNTIFS(Bets!$E$2:$E$201,"Lean",Bets!$J$2:$J$201,"L")+COUNTIFS(Bets!$E$2:$E$201,"Lean",Bets!$J$2:$J$201,"P") | C32: =IFERROR(COUNTIFS(Bets!$E$2:$E$201,"Lean",Bets!$J$2:$J$201,"W")/(COUNTIFS(Bets!$E$2:$E$201,"Lean",Bets!$J$2:$J$201,"W")+COUNTIFS(Bets!$E$2:$E$201,"Lean",Bets!$J$2:$J$201,"L")),"") | D32: =SUMIFS(Bets!$K$2:$K$201,Bets!$E$2:$E$201,"Lean")
A33: Standard | B33: =COUNTIFS(Bets!$E$2:$E$201,"Standard",Bets!$J$2:$J$201,"W")+COUNTIFS(Bets!$E$2:$E$201,"Standard",Bets!$J$2:$J$201,"L")+COUNTIFS(Bets!$E$2:$E$201,"Standard",Bets!$J$2:$J$201,"P") | C33: =IFERROR(COUNTIFS(Bets!$E$2:$E$201,"Standard",Bets!$J$2:$J$201,"W")/(COUNTIFS(Bets!$E$2:$E$201,"Standard",Bets!$J$2:$J$201,"W")+COUNTIFS(Bets!$E$2:$E$201,"Standard",Bets!$J$2:$J$201,"L")),"") | D33: =SUMIFS(Bets!$K$2:$K$201,Bets!$E$2:$E$201,"Standard")
A34: Max | B34: =COUNTIFS(Bets!$E$2:$E$201,"Max",Bets!$J$2:$J$201,"W")+COUNTIFS(Bets!$E$2:$E$201,"Max",Bets!$J$2:$J$201,"L")+COUNTIFS(Bets!$E$2:$E$201,"Max",Bets!$J$2:$J$201,"P") | C34: =IFERROR(COUNTIFS(Bets!$E$2:$E$201,"Max",Bets!$J$2:$J$201,"W")/(COUNTIFS(Bets!$E$2:$E$201,"Max",Bets!$J$2:$J$201,"W")+COUNTIFS(Bets!$E$2:$E$201,"Max",Bets!$J$2:$J$201,"L")),"") | D34: =SUMIFS(Bets!$K$2:$K$201,Bets!$E$2:$E$201,"Max")
A35: Parlay | B35: =COUNTIFS(Bets!$E$2:$E$201,"Parlay",Bets!$J$2:$J$201,"W")+COUNTIFS(Bets!$E$2:$E$201,"Parlay",Bets!$J$2:$J$201,"L")+COUNTIFS(Bets!$E$2:$E$201,"Parlay",Bets!$J$2:$J$201,"P") | C35: =IFERROR(COUNTIFS(Bets!$E$2:$E$201,"Parlay",Bets!$J$2:$J$201,"W")/(COUNTIFS(Bets!$E$2:$E$201,"Parlay",Bets!$J$2:$J$201,"W")+COUNTIFS(Bets!$E$2:$E$201,"Parlay",Bets!$J$2:$J$201,"L")),"") | D35: =SUMIFS(Bets!$K$2:$K$201,Bets!$E$2:$E$201,"Parlay")
A37: SYSTEM RULES
A38: • Market maker, not a fan — bet the number, not the winner.
A39: • Juice ceiling: standard markets -110 to -115. Kill anything > -120.
A40: • Softness (softest first): 1H tot > 2H tot > spreads on key # > small dogs (+100..+180) > full-game totals.
A41: • CLV is the only weekly metric. +0.3 avg CLV = profitable even in red months.
A42: • Cap 5 bets week one. Default LEAN until 10 logged with real CLV.
A43: • Log closing line within 1 hr of game start (Pikkit). 5-10 bets/week, weekday cap 3, never chase.
A44: • Sizing: Lean $295 / Standard $510 / Max $900 / Parlay $25-$50 (2-leg cross-game).

Sheet Bets
A1: Date | B1: Sport | C1: Bet Type | D1: Selection | E1: Tier | F1: Stake ($) | G1: Odds (Amer.) | H1: Bet # | I1: Close # | J1: Result | K1: P&L ($) | L1: CLV
F2: =IF($E2="","",IF($E2="Lean",Dashboard!$B$4,IF($E2="Standard",Dashboard!$B$5,IF($E2="Max",Dashboard!$B$6,IF($E2="Parlay",Dashboard!$B$7,""))))) | K2: =IF($J2="","",IF($J2="Pending","",IF($J2="P",0,IF($J2="L",-$F2,IF($G2="","",IF($G2>0,$F2*$G2/100,$F2*100/ABS($G2))))))) | L2: =IF(OR($H2="",$I2=""),"",IF($C2="Spread",$H2-$I2,IF($C2="Under",$H2-$I2,IF($C2="Over",$I2-$H2,IF($C2="ML",(IF($I2>0,100/($I2+100),ABS($I2)/(ABS($I2)+100))-IF($H2>0,100/($H2+100),ABS($H2)/(ABS($H2)+100)))*100,"")))))
F3: =IF($E3="","",IF($E3="Lean",Dashboard!$B$4,IF($E3="Standard",Dashboard!$B$5,IF($E3="Max",Dashboard!$B$6,IF($E3="Parlay",Dashboard!$B$7,""))))) | K3: =IF($J3="","",IF($J3="Pending","",IF($J3="P",0,IF($J3="L",-$F3,IF($G3="","",IF($G3>0,$F3*$G3/100,$F3*100/ABS($G3))))))) | L3: =IF(OR($H3="",$I3=""),"",IF($C3="Spread",$H3-$I3,IF($C3="Under",$H3-$I3,IF($C3="Over",$I3-$H3,IF($C3="ML",(IF($I3>0,100/($I3+100),ABS($I3)/(ABS($I3)+100))-IF($H3>0,100/($H3+100),ABS($H3)/(ABS($H3)+100)))*100,"")))))
F4: =IF($E4="","",IF($E4="Lean",Dashboard!$B$4,IF($E4="Standard",Dashboard!$B$5,IF($E4="Max",Dashboard!$B$6,IF($E4="Parlay",Dashboard!$B$7,""))))) | K4: =IF($J4="","",IF($J4="Pending","",IF($J4="P",0,IF($J4="L",-$F4,IF($G4="","",IF($G4>0,$F4*$G4/100,$F4*100/ABS($G4))))))) | L4: =IF(OR($H4="",$I4=""),"",IF($C4="Spread",$H4-$I4,IF($C4="Under",$H4-$I4,IF($C4="Over",$I4-$H4,IF($C4="ML",(IF($I4>0,100/($I4+100),ABS($I4)/(ABS($I4)+100))-IF($H4>0,100/($H4+100),ABS($H4)/(ABS($H4)+100)))*100,"")))))
F5: =IF($E5="","",IF($E5="Lean",Dashboard!$B$4,IF($E5="Standard",Dashboard!$B$5,IF($E5="Max",Dashboard!$B$6,IF($E5="Parlay",Dashboard!$B$7,""))))) | K5: =IF($J5="","",IF($J5="Pending","",IF($J5="P",0,IF($J5="L",-$F5,IF($G5="","",IF($G5>0,$F5*$G5/100,$F5*100/ABS($G5))))))) | L5: =IF(OR($H5="",$I5=""),"",IF($C5="Spread",$H5-$I5,IF($C5="Under",$H5-$I5,IF($C5="Over",$I5-$H5,IF($C5="ML",(IF($I5>0,100/($I5+100),ABS($I5)/(ABS($I5)+100))-IF($H5>0,100/($H5+100),ABS($H5)/(ABS($H5)+100)))*100,"")))))
F6: =IF($E6="","",IF($E6="Lean",Dashboard!$B$4,IF($E6="Standard",Dashboard!$B$5,IF($E6="Max",Dashboard!$B$6,IF($E6="Parlay",Dashboard!$B$7,""))))) | K6: =IF($J6="","",IF($J6="Pending","",IF($J6="P",0,IF($J6="L",-$F6,IF($G6="","",IF($G6>0,$F6*$G6/100,$F6*100/ABS($G6))))))) | L6: =IF(OR($H6="",$I6=""),"",IF($C6="Spread",$H6-$I6,IF($C6="Under",$H6-$I6,IF($C6="Over",$I6-$H6,IF($C6="ML",(IF($I6>0,100/($I6+100),ABS($I6)/(ABS($I6)+100))-IF($H6>0,100/($H6+100),ABS($H6)/(ABS($H6)+100)))*100,"")))))
F7: =IF($E7="","",IF($E7="Lean",Dashboard!$B$4,IF($E7="Standard",Dashboard!$B$5,IF($E7="Max",Dashboard!$B$6,IF($E7="Parlay",Dashboard!$B$7,""))))) | K7: =IF($J7="","",IF($J7="Pending","",IF($J7="P",0,IF($J7="L",-$F7,IF($G7="","",IF($G7>0,$F7*$G7/100,$F7*100/ABS($G7))))))) | L7: =IF(OR($H7="",$I7=""),"",IF($C7="Spread",$H7-$I7,IF($C7="Under",$H7-$I7,IF($C7="Over",$I7-$H7,IF($C7="ML",(IF($I7>0,100/($I7+100),ABS($I7)/(ABS($I7)+100))-IF($H7>0,100/($H7+100),ABS($H7)/(ABS($H7)+100)))*100,"")))))
F8: =IF($E8="","",IF($E8="Lean",Dashboard!$B$4,IF($E8="Standard",Dashboard!$B$5,IF($E8="Max",Dashboard!$B$6,IF($E8="Parlay",Dashboard!$B$7,""))))) | K8: =IF($J8="","",IF($J8="Pending","",IF($J8="P",0,IF($J8="L",-$F8,IF($G8="","",IF($G8>0,$F8*$G8/100,$F8*100/ABS($G8))))))) | L8: =IF(OR($H8="",$I8=""),"",IF($C8="Spread",$H8-$I8,IF($C8="Under",$H8-$I8,IF($C8="Over",$I8-$H8,IF($C8="ML",(IF($I8>0,100/($I8+100),ABS($I8)/(ABS($I8)+100))-IF($H8>0,100/($H8+100),ABS($H8)/(ABS($H8)+100)))*100,"")))))
F9: =IF($E9="","",IF($E9="Lean",Dashboard!$B$4,IF($E9="Standard",Dashboard!$B$5,IF($E9="Max",Dashboard!$B$6,IF($E9="Parlay",Dashboard!$B$7,""))))) | K9: =IF($J9="","",IF($J9="Pending","",IF($J9="P",0,IF($J9="L",-$F9,IF($G9="","",IF($G9>0,$F9*$G9/100,$F9*100/ABS($G9))))))) | L9: =IF(OR($H9="",$I9=""),"",IF($C9="Spread",$H9-$I9,IF($C9="Under",$H9-$I9,IF($C9="Over",$I9-$H9,IF($C9="ML",(IF($I9>0,100/($I9+100),ABS($I9)/(ABS($I9)+100))-IF($H9>0,100/($H9+100),ABS($H9)/(ABS($H9)+100)))*100,"")))))
F10: =IF($E10="","",IF($E10="Lean",Dashboard!$B$4,IF($E10="Standard",Dashboard!$B$5,IF($E10="Max",Dashboard!$B$6,IF($E10="Parlay",Dashboard!$B$7,""))))) | K10: =IF($J10="","",IF($J10="Pending","",IF($J10="P",0,IF($J10="L",-$F10,IF($G10="","",IF($G10>0,$F10*$G10/100,$F10*100/ABS($G10))))))) | L10: =IF(OR($H10="",$I10=""),"",IF($C10="Spread",$H10-$I10,IF($C10="Under",$H10-$I10,IF($C10="Over",$I10-$H10,IF($C10="ML",(IF($I10>0,100/($I10+100),ABS($I10)/(ABS($I10)+100))-IF($H10>0,100/($H10+100),ABS($H10)/(ABS($H10)+100)))*100,"")))))
F11: =IF($E11="","",IF($E11="Lean",Dashboard!$B$4,IF($E11="Standard",Dashboard!$B$5,IF($E11="Max",Dashboard!$B$6,IF($E11="Parlay",Dashboard!$B$7,""))))) | K11: =IF($J11="","",IF($J11="Pending","",IF($J11="P",0,IF($J11="L",-$F11,IF($G11="","",IF($G11>0,$F11*$G11/100,$F11*100/ABS($G11))))))) | L11: =IF(OR($H11="",$I11=""),"",IF($C11="Spread",$H11-$I11,IF($C11="Under",$H11-$I11,IF($C11="Over",$I11-$H11,IF($C11="ML",(IF($I11>0,100/($I11+100),ABS($I11)/(ABS($I11)+100))-IF($H11>0,100/($H11+100),ABS($H11)/(ABS($H11)+100)))*100,"")))))
F12: =IF($E12="","",IF($E12="Lean",Dashboard!$B$4,IF($E12="Standard",Dashboard!$B$5,IF($E12="Max",Dashboard!$B$6,IF($E12="Parlay",Dashboard!$B$7,""))))) | K12: =IF($J12="","",IF($J12="Pending","",IF($J12="P",0,IF($J12="L",-$F12,IF($G12="","",IF($G12>0,$F12*$G12/100,$F12*100/ABS($G12))))))) | L12: =IF(OR($H12="",$I12=""),"",IF($C12="Spread",$H12-$I12,IF($C12="Under",$H12-$I12,IF($C12="Over",$I12-$H12,IF($C12="ML",(IF($I12>0,100/($I12+100),ABS($I12)/(ABS($I12)+100))-IF($H12>0,100/($H12+100),ABS($H12)/(ABS($H12)+100)))*100,"")))))
F13: =IF($E13="","",IF($E13="Lean",Dashboard!$B$4,IF($E13="Standard",Dashboard!$B$5,IF($E13="Max",Dashboard!$B$6,IF($E13="Parlay",Dashboard!$B$7,""))))) | K13: =IF($J13="","",IF($J13="Pending","",IF($J13="P",0,IF($J13="L",-$F13,IF($G13="","",IF($G13>0,$F13*$G13/100,$F13*100/ABS($G13))))))) | L13: =IF(OR($H13="",$I13=""),"",IF($C13="Spread",$H13-$I13,IF($C13="Under",$H13-$I13,IF($C13="Over",$I13-$H13,IF($C13="ML",(IF($I13>0,100/($I13+100),ABS($I13)/(ABS($I13)+100))-IF($H13>0,100/($H13+100),ABS($H13)/(ABS($H13)+100)))*100,"")))))
... F201: =IF($E201="","",IF($E201="Lean",Dashboard!$B$4,IF($E201="Standard",Dashboard!$B$5,IF($E201="Max",Dashboard!$B$6,IF($E201="Parlay",Dashboard!$B$7,""))))) | K201: =IF($J201="","",IF($J201="Pending","",IF($J201="P",0,IF($J201="L",-$F201,IF($G201="","",IF($G201>0,$F201*$G201/100,$F201*100/ABS($G201))))))) | L201: =IF(OR($H201="",$I201=""),"",IF($C201="Spread",$H201-$I201,IF($C201="Under",$H201-$I201,IF($C201="Over",$I201-$H201,IF($C201="ML",(IF($I201>0,100/($I201+100),ABS($I201)/(ABS($I201)+100))-IF($H201>0,100/($H201+100),ABS($H201)/(ABS($H201)+100)))*100,"")))))

Sheet Checklist
B1: PRE-BET 4-FILTER GATE
B2: All four must pass. Any fail → PASS the bet.
B4: FILTER 1 — Standard market?
A5: ☐ | B5: Odds in the -110 to -115 band? KILL anything heavier than -120, and any parlay/prop/teaser juiced both sides.
B7: FILTER 2 — Real edge on the number?
A8: ☐ | B8: Projection 1.5+ pts off the number (spread/total) OR 3%+ ML edge.
B10: FILTER 3 — Line moved my way?
A11: ☐ | B11: Line has moved toward my side (confirmation the market agrees).
B13: FILTER 4 — Conviction tier
B14: Default LEAN ($295). Step up only if 2 of the following are true:
A15: ☐ | B15: Edge 2.5+ pts / 5%+
A16: ☐ | B16: Line moved 1+ pt my way
A17: ☐ | B17: Injury news supports an unpriced angle
B18: → 2 of 3 met = STANDARD ($510). Exceptional + all 3 = MAX ($900).
B20: TIER SIZING (locked)
B21: Lean $295 · Standard $510 · Max $900 · Parlay $25-$50 (2-leg cross-game only)
B24: MARKET-SOFTNESS HIERARCHY (where edge lives — softest first)
B25: 1. 1H totals .............. softest, most edge
B26: 2. 2H totals
B27: 3. Full-game spreads on key numbers
B28: 4. Small-dog MLs (+100 to +180)
B29: 5. Full-game totals ....... hardest; books model heavily. Only with a pace/efficiency read.

Sheet Weekly
A1: Week | B1: Start | C1: End | D1: Bets | E1: P&L ($) | F1: Avg CLV | G1: Win %
A2: 1 | B2: 46153 | C2: 46159 | D2: =COUNTIFS(Bets!$A$2:$A$201,">="&$B2,Bets!$A$2:$A$201,"<="&$C2,Bets!$J$2:$J$201,"<>Pending",Bets!$J$2:$J$201,"<>") | E2: =SUMIFS(Bets!$K$2:$K$201,Bets!$A$2:$A$201,">="&$B2,Bets!$A$2:$A$201,"<="&$C2) | F2: =IFERROR(AVERAGEIFS(Bets!$L$2:$L$201,Bets!$A$2:$A$201,">="&$B2,Bets!$A$2:$A$201,"<="&$C2),"") | G2: =IFERROR(COUNTIFS(Bets!$A$2:$A$201,">="&$B2,Bets!$A$2:$A$201,"<="&$C2,Bets!$J$2:$J$201,"W")/(COUNTIFS(Bets!$A$2:$A$201,">="&$B2,Bets!$A$2:$A$201,"<="&$C2,Bets!$J$2:$J$201,"W")+COUNTIFS(Bets!$A$2:$A$201,">="&$B2,Bets!$A$2:$A$201,"<="&$C2,Bets!$J$2:$J$201,"L")),"")
A3: 2 | B3: 46160 | C3: 46166 | D3: =COUNTIFS(Bets!$A$2:$A$201,">="&$B3,Bets!$A$2:$A$201,"<="&$C3,Bets!$J$2:$J$201,"<>Pending",Bets!$J$2:$J$201,"<>") | E3: =SUMIFS(Bets!$K$2:$K$201,Bets!$A$2:$A$201,">="&$B3,Bets!$A$2:$A$201,"<="&$C3) | F3: =IFERROR(AVERAGEIFS(Bets!$L$2:$L$201,Bets!$A$2:$A$201,">="&$B3,Bets!$A$2:$A$201,"<="&$C3),"") | G3: =IFERROR(COUNTIFS(Bets!$A$2:$A$201,">="&$B3,Bets!$A$2:$A$201,"<="&$C3,Bets!$J$2:$J$201,"W")/(COUNTIFS(Bets!$A$2:$A$201,">="&$B3,Bets!$A$2:$A$201,"<="&$C3,Bets!$J$2:$J$201,"W")+COUNTIFS(Bets!$A$2:$A$201,">="&$B3,Bets!$A$2:$A$201,"<="&$C3,Bets!$J$2:$J$201,"L")),"")
A4: 3 | B4: 46167 | C4: 46173 | D4: =COUNTIFS(Bets!$A$2:$A$201,">="&$B4,Bets!$A$2:$A$201,"<="&$C4,Bets!$J$2:$J$201,"<>Pending",Bets!$J$2:$J$201,"<>") | E4: =SUMIFS(Bets!$K$2:$K$201,Bets!$A$2:$A$201,">="&$B4,Bets!$A$2:$A$201,"<="&$C4) | F4: =IFERROR(AVERAGEIFS(Bets!$L$2:$L$201,Bets!$A$2:$A$201,">="&$B4,Bets!$A$2:$A$201,"<="&$C4),"") | G4: =IFERROR(COUNTIFS(Bets!$A$2:$A$201,">="&$B4,Bets!$A$2:$A$201,"<="&$C4,Bets!$J$2:$J$201,"W")/(COUNTIFS(Bets!$A$2:$A$201,">="&$B4,Bets!$A$2:$A$201,"<="&$C4,Bets!$J$2:$J$201,"W")+COUNTIFS(Bets!$A$2:$A$201,">="&$B4,Bets!$A$2:$A$201,"<="&$C4,Bets!$J$2:$J$201,"L")),"")
A5: 4 | B5: 46174 | C5: 46180 | D5: =COUNTIFS(Bets!$A$2:$A$201,">="&$B5,Bets!$A$2:$A$201,"<="&$C5,Bets!$J$2:$J$201,"<>Pending",Bets!$J$2:$J$201,"<>") | E5: =SUMIFS(Bets!$K$2:$K$201,Bets!$A$2:$A$201,">="&$B5,Bets!$A$2:$A$201,"<="&$C5) | F5: =IFERROR(AVERAGEIFS(Bets!$L$2:$L$201,Bets!$A$2:$A$201,">="&$B5,Bets!$A$2:$A$201,"<="&$C5),"") | G5: =IFERROR(COUNTIFS(Bets!$A$2:$A$201,">="&$B5,Bets!$A$2:$A$201,"<="&$C5,Bets!$J$2:$J$201,"W")/(COUNTIFS(Bets!$A$2:$A$201,">="&$B5,Bets!$A$2:$A$201,"<="&$C5,Bets!$J$2:$J$201,"W")+COUNTIFS(Bets!$A$2:$A$201,">="&$B5,Bets!$A$2:$A$201,"<="&$C5,Bets!$J$2:$J$201,"L")),"")
A6: 5 | B6: 46181 | C6: 46187 | D6: =COUNTIFS(Bets!$A$2:$A$201,">="&$B6,Bets!$A$2:$A$201,"<="&$C6,Bets!$J$2:$J$201,"<>Pending",Bets!$J$2:$J$201,"<>") | E6: =SUMIFS(Bets!$K$2:$K$201,Bets!$A$2:$A$201,">="&$B6,Bets!$A$2:$A$201,"<="&$C6) | F6: =IFERROR(AVERAGEIFS(Bets!$L$2:$L$201,Bets!$A$2:$A$201,">="&$B6,Bets!$A$2:$A$201,"<="&$C6),"") | G6: =IFERROR(COUNTIFS(Bets!$A$2:$A$201,">="&$B6,Bets!$A$2:$A$201,"<="&$C6,Bets!$J$2:$J$201,"W")/(COUNTIFS(Bets!$A$2:$A$201,">="&$B6,Bets!$A$2:$A$201,"<="&$C6,Bets!$J$2:$J$201,"W")+COUNTIFS(Bets!$A$2:$A$201,">="&$B6,Bets!$A$2:$A$201,"<="&$C6,Bets!$J$2:$J$201,"L")),"")
A7: 6 | B7: 46188 | C7: 46194 | D7: =COUNTIFS(Bets!$A$2:$A$201,">="&$B7,Bets!$A$2:$A$201,"<="&$C7,Bets!$J$2:$J$201,"<>Pending",Bets!$J$2:$J$201,"<>") | E7: =SUMIFS(Bets!$K$2:$K$201,Bets!$A$2:$A$201,">="&$B7,Bets!$A$2:$A$201,"<="&$C7) | F7: =IFERROR(AVERAGEIFS(Bets!$L$2:$L$201,Bets!$A$2:$A$201,">="&$B7,Bets!$A$2:$A$201,"<="&$C7),"") | G7: =IFERROR(COUNTIFS(Bets!$A$2:$A$201,">="&$B7,Bets!$A$2:$A$201,"<="&$C7,Bets!$J$2:$J$201,"W")/(COUNTIFS(Bets!$A$2:$A$201,">="&$B7,Bets!$A$2:$A$201,"<="&$C7,Bets!$J$2:$J$201,"W")+COUNTIFS(Bets!$A$2:$A$201,">="&$B7,Bets!$A$2:$A$201,"<="&$C7,Bets!$J$2:$J$201,"L")),"")
A8: 7 | B8: 46195 | C8: 46201 | D8: =COUNTIFS(Bets!$A$2:$A$201,">="&$B8,Bets!$A$2:$A$201,"<="&$C8,Bets!$J$2:$J$201,"<>Pending",Bets!$J$2:$J$201,"<>") | E8: =SUMIFS(Bets!$K$2:$K$201,Bets!$A$2:$A$201,">="&$B8,Bets!$A$2:$A$201,"<="&$C8) | F8: =IFERROR(AVERAGEIFS(Bets!$L$2:$L$201,Bets!$A$2:$A$201,">="&$B8,Bets!$A$2:$A$201,"<="&$C8),"") | G8: =IFERROR(COUNTIFS(Bets!$A$2:$A$201,">="&$B8,Bets!$A$2:$A$201,"<="&$C8,Bets!$J$2:$J$201,"W")/(COUNTIFS(Bets!$A$2:$A$201,">="&$B8,Bets!$A$2:$A$201,"<="&$C8,Bets!$J$2:$J$201,"W")+COUNTIFS(Bets!$A$2:$A$201,">="&$B8,Bets!$A$2:$A$201,"<="&$C8,Bets!$J$2:$J$201,"L")),"")
A9: 8 | B9: 46202 | C9: 46208 | D9: =COUNTIFS(Bets!$A$2:$A$201,">="&$B9,Bets!$A$2:$A$201,"<="&$C9,Bets!$J$2:$J$201,"<>Pending",Bets!$J$2:$J$201,"<>") | E9: =SUMIFS(Bets!$K$2:$K$201,Bets!$A$2:$A$201,">="&$B9,Bets!$A$2:$A$201,"<="&$C9) | F9: =IFERROR(AVERAGEIFS(Bets!$L$2:$L$201,Bets!$A$2:$A$201,">="&$B9,Bets!$A$2:$A$201,"<="&$C9),"") | G9: =IFERROR(COUNTIFS(Bets!$A$2:$A$201,">="&$B9,Bets!$A$2:$A$201,"<="&$C9,Bets!$J$2:$J$201,"W")/(COUNTIFS(Bets!$A$2:$A$201,">="&$B9,Bets!$A$2:$A$201,"<="&$C9,Bets!$J$2:$J$201,"W")+COUNTIFS(Bets!$A$2:$A$201,">="&$B9,Bets!$A$2:$A$201,"<="&$C9,Bets!$J$2:$J$201,"L")),"")
A10: 9 | B10: 46209 | C10: 46215 | D10: =COUNTIFS(Bets!$A$2:$A$201,">="&$B10,Bets!$A$2:$A$201,"<="&$C10,Bets!$J$2:$J$201,"<>Pending",Bets!$J$2:$J$201,"<>") | E10: =SUMIFS(Bets!$K$2:$K$201,Bets!$A$2:$A$201,">="&$B10,Bets!$A$2:$A$201,"<="&$C10) | F10: =IFERROR(AVERAGEIFS(Bets!$L$2:$L$201,Bets!$A$2:$A$201,">="&$B10,Bets!$A$2:$A$201,"<="&$C10),"") | G10: =IFERROR(COUNTIFS(Bets!$A$2:$A$201,">="&$B10,Bets!$A$2:$A$201,"<="&$C10,Bets!$J$2:$J$201,"W")/(COUNTIFS(Bets!$A$2:$A$201,">="&$B10,Bets!$A$2:$A$201,"<="&$C10,Bets!$J$2:$J$201,"W")+COUNTIFS(Bets!$A$2:$A$201,">="&$B10,Bets!$A$2:$A$201,"<="&$C10,Bets!$J$2:$J$201,"L")),"")
A11: 10 | B11: 46216 | C11: 46222 | D11: =COUNTIFS(Bets!$A$2:$A$201,">="&$B11,Bets!$A$2:$A$201,"<="&$C11,Bets!$J$2:$J$201,"<>Pending",Bets!$J$2:$J$201,"<>") | E11: =SUMIFS(Bets!$K$2:$K$201,Bets!$A$2:$A$201,">="&$B11,Bets!$A$2:$A$201,"<="&$C11) | F11: =IFERROR(AVERAGEIFS(Bets!$L$2:$L$201,Bets!$A$2:$A$201,">="&$B11,Bets!$A$2:$A$201,"<="&$C11),"") | G11: =IFERROR(COUNTIFS(Bets!$A$2:$A$201,">="&$B11,Bets!$A$2:$A$201,"<="&$C11,Bets!$J$2:$J$201,"W")/(COUNTIFS(Bets!$A$2:$A$201,">="&$B11,Bets!$A$2:$A$201,"<="&$C11,Bets!$J$2:$J$201,"W")+COUNTIFS(Bets!$A$2:$A$201,">="&$B11,Bets!$A$2:$A$201,"<="&$C11,Bets!$J$2:$J$201,"L")),"")
A12: 11 | B12: 46223 | C12: 46229 | D12: =COUNTIFS(Bets!$A$2:$A$201,">="&$B12,Bets!$A$2:$A$201,"<="&$C12,Bets!$J$2:$J$201,"<>Pending",Bets!$J$2:$J$201,"<>") | E12: =SUMIFS(Bets!$K$2:$K$201,Bets!$A$2:$A$201,">="&$B12,Bets!$A$2:$A$201,"<="&$C12) | F12: =IFERROR(AVERAGEIFS(Bets!$L$2:$L$201,Bets!$A$2:$A$201,">="&$B12,Bets!$A$2:$A$201,"<="&$C12),"") | G12: =IFERROR(COUNTIFS(Bets!$A$2:$A$201,">="&$B12,Bets!$A$2:$A$201,"<="&$C12,Bets!$J$2:$J$201,"W")/(COUNTIFS(Bets!$A$2:$A$201,">="&$B12,Bets!$A$2:$A$201,"<="&$C12,Bets!$J$2:$J$201,"W")+COUNTIFS(Bets!$A$2:$A$201,">="&$B12,Bets!$A$2:$A$201,"<="&$C12,Bets!$J$2:$J$201,"L")),"")
A13: 12 | B13: 46230 | C13: 46236 | D13: =COUNTIFS(Bets!$A$2:$A$201,">="&$B13,Bets!$A$2:$A$201,"<="&$C13,Bets!$J$2:$J$201,"<>Pending",Bets!$J$2:$J$201,"<>") | E13: =SUMIFS(Bets!$K$2:$K$201,Bets!$A$2:$A$201,">="&$B13,Bets!$A$2:$A$201,"<="&$C13) | F13: =IFERROR(AVERAGEIFS(Bets!$L$2:$L$201,Bets!$A$2:$A$201,">="&$B13,Bets!$A$2:$A$201,"<="&$C13),"") | G13: =IFERROR(COUNTIFS(Bets!$A$2:$A$201,">="&$B13,Bets!$A$2:$A$201,"<="&$C13,Bets!$J$2:$J$201,"W")/(COUNTIFS(Bets!$A$2:$A$201,">="&$B13,Bets!$A$2:$A$201,"<="&$C13,Bets!$J$2:$J$201,"W")+COUNTIFS(Bets!$A$2:$A$201,">="&$B13,Bets!$A$2:$A$201,"<="&$C13,Bets!$J$2:$J$201,"L")),"")
... A27: 26 | B27: 46328 | C27: 46334 | D27: =COUNTIFS(Bets!$A$2:$A$201,">="&$B27,Bets!$A$2:$A$201,"<="&$C27,Bets!$J$2:$J$201,"<>Pending",Bets!$J$2:$J$201,"<>") | E27: =SUMIFS(Bets!$K$2:$K$201,Bets!$A$2:$A$201,">="&$B27,Bets!$A$2:$A$201,"<="&$C27) | F27: =IFERROR(AVERAGEIFS(Bets!$L$2:$L$201,Bets!$A$2:$A$201,">="&$B27,Bets!$A$2:$A$201,"<="&$C27),"") | G27: =IFERROR(COUNTIFS(Bets!$A$2:$A$201,">="&$B27,Bets!$A$2:$A$201,"<="&$C27,Bets!$J$2:$J$201,"W")/(COUNTIFS(Bets!$A$2:$A$201,">="&$B27,Bets!$A$2:$A$201,"<="&$C27,Bets!$J$2:$J$201,"W")+COUNTIFS(Bets!$A$2:$A$201,">="&$B27,Bets!$A$2:$A$201,"<="&$C27,Bets!$J$2:$J$201,"L")),"")
A29: TOTAL | E29: =SUM(E2:E27)
